{
  "Users": [
    {
      "id": 1,
      "name": "Naman",
      "category": "Electricity",
      "expense": "1000",
      "itemName": "xjh",
      "date": "2023-04-05"
    },
    {
      "id": 2,
      "name": "Arpit",
      "category": "Water Bill",
      "expense": "3000",
      "itemName": "aksjd",
      "date": "2023-04-05"
    },
    {
      "name": "pramod",
      "category": "water",
      "expense": "10000",
      "itemName": "water",
      "date": "2023-04-15",
      "id": 3
    },
    {
      "name": "Sparsh",
      "category": "electricity",
      "expense": "129130",
      "itemName": "electricity",
      "date": "2023-04-04",
      "id": 4
    },
    {
      "name": "jayesh",
      "category": "rent",
      "expense": "298372",
      "itemName": "house",
      "date": "2023-04-20",
      "id": 5
    },
    {
      "name": "Naman",
      "category": "Water",
      "expense": "823748",
      "itemName": "hello",
      "date": "2023-04-05",
      "id": 6
    },
    {
      "name": "Naman",
      "category": "electricity",
      "expense": "732647",
      "itemName": "Gift",
      "date": "2023-02-15",
      "id": 7
    },
    {
      "name": "Naman",
      "category": "water",
      "expense": "12093821",
      "itemName": "gift",
      "date": "2023-04-22",
      "id": 8
    }
  ]
}